{"chunk_definitions":[{"chunk_id":"c3zkphwvj15c4","chunk_label":"unnamed-chunk-1","document_id":"624D4FA1","expansion_state":0,"options":{"cache":true,"engine":"r","label":"unnamed-chunk-13"},"row":27,"row_count":1,"visible":true},{"chunk_id":"ci0e604pczlvv","chunk_label":"unnamed-chunk-2","document_id":"624D4FA1","expansion_state":0,"options":{"cache":true,"engine":"r","label":"unnamed-chunk-14"},"row":52,"row_count":1,"visible":true},{"chunk_id":"c60mx1my7wleb","chunk_label":"unnamed-chunk-3","document_id":"624D4FA1","expansion_state":0,"options":{"cache":true,"engine":"r","label":"unnamed-chunk-15"},"row":62,"row_count":1,"visible":true},{"chunk_id":"cse8p8iojj6v8","chunk_label":"unnamed-chunk-4","document_id":"624D4FA1","expansion_state":0,"options":{"cache":true,"engine":"r","label":"unnamed-chunk-16"},"row":73,"row_count":1,"visible":true},{"chunk_id":"c2unerelz5zjr","chunk_label":"unnamed-chunk-5","document_id":"624D4FA1","expansion_state":0,"options":{"cache":true,"engine":"r","label":"unnamed-chunk-17"},"row":93,"row_count":1,"visible":true},{"chunk_id":"c5uz0rs22h96m","chunk_label":"unnamed-chunk-6","document_id":"624D4FA1","expansion_state":0,"options":{"cache":true,"engine":"r","label":"unnamed-chunk-18"},"row":107,"row_count":1,"visible":true},{"chunk_id":"c39pshohfskxl","chunk_label":"unnamed-chunk-7","document_id":"624D4FA1","expansion_state":0,"options":{"cache":true,"engine":"r","label":"unnamed-chunk-19"},"row":133,"row_count":1,"visible":true},{"chunk_id":"cc86jbr7grntj","chunk_label":"unnamed-chunk-8","document_id":"624D4FA1","expansion_state":0,"options":{"cache":true,"engine":"r","label":"unnamed-chunk-20"},"row":143,"row_count":1,"visible":true},{"chunk_id":"cwtyzyjb045f6","chunk_label":"unnamed-chunk-9","document_id":"624D4FA1","expansion_state":0,"options":{"cache":true,"engine":"r","label":"unnamed-chunk-21"},"row":154,"row_count":1,"visible":true},{"chunk_id":"c8t7ecc7vxbxv","chunk_label":"unnamed-chunk-10","document_id":"624D4FA1","expansion_state":0,"options":{"cache":true,"engine":"r","label":"unnamed-chunk-22"},"row":173,"row_count":1,"visible":true},{"chunk_id":"cqpvdli4ezik6","chunk_label":"unnamed-chunk-11","document_id":"624D4FA1","expansion_state":0,"options":{"cache":true,"engine":"r","label":"unnamed-chunk-23"},"row":186,"row_count":1,"visible":true},{"chunk_id":"cjwne8acjnp2v","chunk_label":"unnamed-chunk-12","document_id":"624D4FA1","expansion_state":0,"options":{"engine":"r","label":"unnamed-chunk-24"},"row":191,"row_count":1,"visible":true}],"doc_write_time":1555348291}