{"chunk_definitions":[{"chunk_id":"cnjho4jpw9svb","chunk_label":"unnamed-chunk-1","document_id":"624D4FA1","expansion_state":0,"options":{"cache":true,"engine":"r","label":"unnamed-chunk-1"},"row":27,"row_count":1,"visible":true},{"chunk_id":"cs04m9pbxls5w","chunk_label":"unnamed-chunk-2","document_id":"624D4FA1","expansion_state":0,"options":{},"row":52,"row_count":1,"visible":true},{"chunk_id":"c44fy4n7on0so","chunk_label":"unnamed-chunk-3","document_id":"624D4FA1","expansion_state":0,"options":{},"row":62,"row_count":1,"visible":true},{"chunk_id":"cn6qq4ccujrc1","chunk_label":"unnamed-chunk-4","document_id":"624D4FA1","expansion_state":0,"options":{},"row":73,"row_count":1,"visible":true},{"chunk_id":"c4tys8pbxwtjn","chunk_label":"unnamed-chunk-5","document_id":"624D4FA1","expansion_state":0,"options":{},"row":93,"row_count":1,"visible":true},{"chunk_id":"cezo92g48yw53","chunk_label":"unnamed-chunk-6","document_id":"624D4FA1","expansion_state":0,"options":{},"row":107,"row_count":1,"visible":true},{"chunk_id":"chuw51xn892jd","chunk_label":"unnamed-chunk-7","document_id":"624D4FA1","expansion_state":0,"options":{},"row":133,"row_count":1,"visible":true},{"chunk_id":"c4qcqyxkwky1w","chunk_label":"unnamed-chunk-8","document_id":"624D4FA1","expansion_state":0,"options":{},"row":143,"row_count":1,"visible":true},{"chunk_id":"cyq9fv1o0n8y3","chunk_label":"unnamed-chunk-9","document_id":"624D4FA1","expansion_state":0,"options":{},"row":154,"row_count":1,"visible":true},{"chunk_id":"cjdxzez1ctwoq","chunk_label":"unnamed-chunk-10","document_id":"624D4FA1","expansion_state":0,"options":{},"row":173,"row_count":1,"visible":true},{"chunk_id":"ctgibzwgocqai","chunk_label":"unnamed-chunk-11","document_id":"624D4FA1","expansion_state":0,"options":{},"row":186,"row_count":1,"visible":true},{"chunk_id":"c9fylzuj21dug","chunk_label":"unnamed-chunk-12","document_id":"624D4FA1","expansion_state":0,"options":{},"row":191,"row_count":1,"visible":true}],"doc_write_time":1555348291}