{"chunk_definitions":[{"chunk_id":"cc4d9bcqdd5rd","chunk_label":"unnamed-chunk-1","document_id":"624D4FA1","expansion_state":0,"options":{"cache":true,"engine":"r","label":"unnamed-chunk-1"},"row":27,"row_count":1,"visible":true},{"chunk_id":"c7rcnvpxfn151","chunk_label":"unnamed-chunk-2","document_id":"624D4FA1","expansion_state":0,"options":{"cache":true,"engine":"r","label":"unnamed-chunk-2"},"row":52,"row_count":1,"visible":true},{"chunk_id":"ce2rr3d1n4fc1","chunk_label":"unnamed-chunk-3","document_id":"624D4FA1","expansion_state":0,"options":{},"row":62,"row_count":1,"visible":true},{"chunk_id":"cos463wp5fmpj","chunk_label":"unnamed-chunk-4","document_id":"624D4FA1","expansion_state":0,"options":{},"row":73,"row_count":1,"visible":true},{"chunk_id":"caxxd5olzo44r","chunk_label":"unnamed-chunk-5","document_id":"624D4FA1","expansion_state":0,"options":{},"row":93,"row_count":1,"visible":true},{"chunk_id":"cc9p4sjvj309f","chunk_label":"unnamed-chunk-6","document_id":"624D4FA1","expansion_state":0,"options":{},"row":107,"row_count":1,"visible":true},{"chunk_id":"ctngam5b3pi7t","chunk_label":"unnamed-chunk-7","document_id":"624D4FA1","expansion_state":0,"options":{},"row":133,"row_count":1,"visible":true},{"chunk_id":"cfclpy9d5kzk4","chunk_label":"unnamed-chunk-8","document_id":"624D4FA1","expansion_state":0,"options":{},"row":143,"row_count":1,"visible":true},{"chunk_id":"cxjis843lrws6","chunk_label":"unnamed-chunk-9","document_id":"624D4FA1","expansion_state":0,"options":{},"row":154,"row_count":1,"visible":true},{"chunk_id":"cv5278t45o4yo","chunk_label":"unnamed-chunk-10","document_id":"624D4FA1","expansion_state":0,"options":{},"row":173,"row_count":1,"visible":true},{"chunk_id":"ch4i5vq0omvjr","chunk_label":"unnamed-chunk-11","document_id":"624D4FA1","expansion_state":0,"options":{},"row":186,"row_count":1,"visible":true},{"chunk_id":"chle5ditwyrb7","chunk_label":"unnamed-chunk-12","document_id":"624D4FA1","expansion_state":0,"options":{},"row":191,"row_count":1,"visible":true}],"doc_write_time":1555348291}